<?xml version="1.0" encoding="UTF-8"?>
<jcr:root xmlns:cq="http://www.day.com/jcr/cq/1.0" xmlns:jcr="http://www.jcp.org/jcr/1.0" xmlns:nt="http://www.jcp.org/jcr/nt/1.0"
    jcr:primaryType="cq:Dialog"
    title="Dialog"
    xtype="dialog">
    <items
        jcr:primaryType="cq:Widget"
        xtype="tabpanel">
        <items jcr:primaryType="cq:WidgetCollection">
            <tab1
                jcr:primaryType="cq:Panel"
                title="Tab 1">
                <items jcr:primaryType="cq:WidgetCollection">
                    <dropdown
                        jcr:primaryType="cq:Widget"
                        defaultValue="Del"
                        fieldLabel="State"
                        name="./state"
                        type="select"
                        value="Del"
                        xtype="selection">
                        <options jcr:primaryType="cq:WidgetCollection">
                            <rajasthan
                                jcr:primaryType="nt:unstructured"
                                text="Rajasthan"
                                value="Raj"/>
                            <delhi
                                jcr:primaryType="nt:unstructured"
                                text="Delhi"
                                value="Del"/>
                        </options>
                    </dropdown>
                </items>
            </tab1>
        </items>
    </items>
</jcr:root>
