<?xml version="1.0" encoding="UTF-8"?>
<jcr:root xmlns:cq="http://www.day.com/jcr/cq/1.0" xmlns:jcr="http://www.jcp.org/jcr/1.0" xmlns:nt="http://www.jcp.org/jcr/nt/1.0"
    jcr:primaryType="cq:Dialog"
    title="Dialog"
    xtype="dialog">
    <items
        jcr:primaryType="cq:Widget"
        xtype="tabpanel">
        <items jcr:primaryType="cq:WidgetCollection">
            <colctrl
                jcr:primaryType="cq:Widget"
                title="Column control"
                xtype="panel">
                <items jcr:primaryType="cq:WidgetCollection">
                    <coltype
                        jcr:primaryType="cq:Widget"
                        name="./coltype"
                        type="select"
                        xtype="selection">
                        <options jcr:primaryType="cq:WidgetCollection">
                            <col-8-4
                                jcr:primaryType="nt:unstructured"
                                text="8-4 Column"
                                value="8-4-col"/>
                            <col-4-8
                                jcr:primaryType="nt:unstructured"
                                text="4-8 Column"
                                value="4-8-col"/>
                        </options>
                    </coltype>
                </items>
            </colctrl>
        </items>
    </items>
</jcr:root>
